metric,rho,p,value
spearman_abs_beta,0.6945109380437521,3.2097511537823907e-73,
n_overlap,,,500.0
