gene,beta_mean,psp,lfsr
DAD1,1.085,0.992,0.008
FOXP3,0.759,0.988,0.012
SMARCB1,0.835,0.987,0.013
RPN1,0.734,0.968,0.032
TGFBR1,0.69,0.961,0.039
TGFBR2,0.697,0.957,0.043
SMAD3,0.723,0.95,0.05
SMAD4,0.693,0.94,0.06
USO1,0.594,0.933,0.0669999999999999
ARID1A,0.529,0.928,0.0719999999999999
STAT5B,0.595,0.923,0.0769999999999999
SMARCE1,0.528,0.913,0.0869999999999999
MED30,0.536,0.905,0.0949999999999999
TMEM258,0.514,0.904,0.0959999999999999
